date,temperature_c,humidity_pct,wind_speed_kmh,precipitation_mm,cloud_cover_pct,season
2020-01-01,1.82,80.75,11.77,13.66,34.11,Winter
2020-01-02,-0.03,79.85,15.49,32.87,62.61,Winter
2020-01-03,2.39,73.59,10.95,2.41,28.03,Winter
2020-01-04,,67.91,14.34,27.98,41.06,Winter
2020-01-05,-0.12,,3.24,4.51,26.63,Winter
2020-01-06,-0.05,77.21,17.99,3.42,20.67,Winter
2020-01-07,5.47,75.31,16.51,0.41,20.45,Winter
2020-01-08,3.12,75.89,10.78,0.43,17.13,Winter
2020-01-09,-0.51,80.86,21.11,9.42,26.84,Winter
2020-01-10,2.62,70.44,23.06,4.9,26.53,Winter
2020-01-11,-0.3,82.04,5.25,2.05,11.92,Winter
2020-01-12,-0.21,76.37,11.16,7.61,16.69,Winter
2020-01-13,,83.97,11.12,2.33,8.21,Winter
2020-01-14,-4.35,75.24,9.92,6.9,10.2,Winter
2020-01-15,-3.67,86.82,22.31,3.56,11.03,Winter
2020-01-16,-0.07,76.25,15.14,13.88,34.08,Winter
2020-01-17,-1.3,72.99,14.65,13.75,23.45,Winter
2020-01-18,2.8,,2.47,5.19,29.81,Winter
2020-01-19,-0.74,74.2,20.95,3.46,23.46,Winter
2020-01-20,-2.12,79.02,7.83,3.6,3.56,Winter
2020-01-21,6.65,72.5,16.92,13.11,38.35,Winter
2020-01-22,1.71,70.97,18.44,3.18,30.97,Winter
2020-01-23,2.74,72.9,26.02,1.88,11.75,Winter
2020-01-24,-1.6,87.2,7.34,0.71,24.84,Winter
2020-01-25,1.19,82.89,7.64,5.03,15.96,Winter
2020-01-26,3.31,74.74,17.79,5.26,25.71,Winter
2020-01-27,,75.65,29.1,14.71,20.59,Winter
2020-01-28,4.42,72.27,25.17,,3.87,Winter
2020-01-29,1.66,,17.97,3.84,19.63,Winter
2020-01-30,2.75,67.89,13.06,,30.66,Winter
2020-01-31,1.99,72.33,22.15,13.88,28.52,Winter
2020-02-01,9.53,59.24,9.69,3.88,11.66,Winter
2020-02-02,4.1,73.92,19.83,4.92,20.43,Winter
2020-02-03,1.15,,20.04,2.89,25.29,Winter
2020-02-04,6.98,67.21,23.92,21.57,38.97,Winter
2020-02-05,1.03,82.25,35.82,1.01,22.73,Winter
2020-02-06,5.51,64.67,19.25,21.71,32.84,Winter
2020-02-07,-0.8,68.53,12.94,9.21,40.01,Winter
2020-02-08,1.29,,16.32,6.07,13.7,Winter
2020-02-09,6.06,75.6,4.12,0.27,25.11,Winter
2020-02-10,7.88,77.32,11.64,5.16,36.47,Winter
2020-02-11,6.39,67.8,13.64,4.19,28.58,Winter
2020-02-12,5.73,76.02,12.83,1.41,19.24,Winter
2020-02-13,5.38,70.71,17.57,8.55,22.41,Winter
2020-02-14,2.06,72.69,10.74,,55.89,Winter
2020-02-15,4.55,75.98,24.35,,11.72,Winter
2020-02-16,5.55,74.03,16.5,10.04,19.33,Winter
2020-02-17,10.32,59.07,16.43,0.57,16.53,Winter
2020-02-18,8.4,75.87,14.2,4.33,36.27,Winter
2020-02-19,2.3,80.27,17.59,,24.69,Winter
2020-02-20,8.79,65.05,22.28,7.59,17.15,Winter
2020-02-21,6.89,71.67,10.43,22.31,36.97,Winter
2020-02-22,6.25,72.68,11.89,8.67,21.66,Winter
2020-02-23,10.34,68.24,14.37,0.64,13.48,Winter
2020-02-24,11.84,62.99,7.08,3.5,32.94,Winter
2020-02-25,11.77,62.43,10.77,6.4,12.04,Winter
2020-02-26,6.7,69.72,13.17,4.13,39.8,Winter
2020-02-27,8.53,74.25,22.62,14.35,41.2,Winter
2020-02-28,10.69,69.38,18.34,13.48,43.05,Winter
2020-02-29,12.86,63.06,17.86,7.57,22.18,Winter
2020-03-01,8.74,72.07,20.96,5.61,23.55,Spring
2020-03-02,9.87,53.07,14.04,3.54,8.85,Spring
2020-03-03,7.35,75.07,17.73,1.34,15.96,Spring
2020-03-04,,60.64,14.28,5.26,29.67,Spring
2020-03-05,13.61,62.51,16.86,6.4,38.72,Spring
2020-03-06,15.49,57.22,10.92,13.52,21.09,Spring
2020-03-07,11.46,59.57,2.07,12.88,27.94,Spring
2020-03-08,14.93,69.07,14.06,0.87,19.27,Spring
2020-03-09,13.26,62.26,24.96,6.04,11.47,Spring
2020-03-10,10.5,68.54,21.48,2.41,28.08,Spring
2020-03-11,13.77,63.96,21.76,2.05,14.6,Spring
2020-03-12,,63.55,23.65,21.07,37.01,Spring
2020-03-13,13.09,65.12,15.62,0.51,15.94,Spring
2020-03-14,18.15,54.28,16.38,6.52,17.97,Spring
2020-03-15,5.85,75.51,10.68,2.21,21.92,Spring
2020-03-16,16.43,59.59,12.79,25.38,40.68,Spring
2020-03-17,14.49,55.84,19.31,9.77,25.08,Spring
2020-03-18,13.59,62.2,23.43,3.16,15.56,Spring
2020-03-19,15.02,70.7,14.02,8.38,30.73,Spring
2020-03-20,9.04,72.23,11.85,15.78,50.74,Spring
2020-03-21,14.6,61.79,15.0,38.07,55.67,Spring
2020-03-22,16.59,60.19,19.21,2.99,32.65,Spring
2020-03-23,20.21,57.43,4.89,26.08,29.57,Spring
2020-03-24,14.48,74.01,1.07,32.67,50.98,Spring
2020-03-25,13.86,66.03,11.15,29.78,35.83,Spring
2020-03-26,15.04,65.33,6.46,12.11,16.13,Spring
2020-03-27,19.55,64.72,11.44,11.93,23.34,Spring
2020-03-28,18.05,61.97,13.97,6.19,37.49,Spring
2020-03-29,15.73,61.33,11.83,16.75,44.58,Spring
2020-03-30,19.11,58.94,25.17,9.09,30.61,Spring
2020-03-31,18.11,60.36,17.29,13.58,16.89,Spring
2020-04-01,20.98,58.24,17.1,6.71,24.08,Spring
2020-04-02,16.22,65.87,19.36,15.78,37.22,Spring
2020-04-03,17.6,61.39,7.03,,40.55,Spring
2020-04-04,17.65,64.75,22.27,1.9,3.27,Spring
2020-04-05,14.69,63.05,14.47,21.47,30.42,Spring
2020-04-06,20.22,59.43,19.69,9.33,27.75,Spring
2020-04-07,,48.93,7.5,22.35,45.47,Spring
2020-04-08,19.83,63.92,4.12,,4.13,Spring
2020-04-09,19.36,61.45,20.73,5.72,23.52,Spring
2020-04-10,16.06,67.35,17.63,29.59,48.06,Spring
2020-04-11,19.28,45.3,8.69,3.47,31.62,Spring
2020-04-12,19.76,69.84,8.91,,47.01,Spring
2020-04-13,18.62,59.62,22.88,7.94,32.97,Spring
2020-04-14,20.77,64.13,6.67,8.66,19.8,Spring
2020-04-15,22.7,51.85,26.5,4.43,4.9,Spring
2020-04-16,27.38,56.37,8.7,10.21,25.26,Spring
2020-04-17,22.48,51.96,19.47,4.72,34.26,Spring
2020-04-18,22.95,53.73,12.7,0.48,34.37,Spring
2020-04-19,22.18,67.03,19.22,3.81,30.53,Spring
2020-04-20,16.87,60.76,11.19,0.08,24.36,Spring
2020-04-21,22.77,58.08,13.86,46.0,65.19,Spring
2020-04-22,23.25,60.96,15.29,40.49,50.88,Spring
2020-04-23,30.68,53.15,7.98,6.03,24.13,Spring
2020-04-24,22.92,57.62,20.19,15.64,50.77,Spring
2020-04-25,24.62,,11.41,,15.16,Spring
2020-04-26,23.82,68.17,13.4,13.34,48.16,Spring
2020-04-27,20.62,58.42,8.04,19.64,34.46,Spring
2020-04-28,27.76,54.01,2.94,35.19,64.93,Spring
2020-04-29,26.79,59.03,13.66,6.13,11.45,Spring
2020-04-30,27.1,,31.89,18.35,42.37,Spring
2020-05-01,22.2,63.39,20.49,3.71,15.97,Spring
2020-05-02,29.33,54.94,14.87,55.67,55.95,Spring
2020-05-03,21.1,52.61,13.16,0.31,22.47,Spring
2020-05-04,27.25,61.57,15.16,11.1,40.09,Spring
2020-05-05,32.25,43.68,18.83,12.93,23.19,Spring
2020-05-06,22.88,58.41,6.73,13.98,17.59,Spring
2020-05-07,24.33,51.97,22.8,1.54,20.47,Spring
2020-05-08,26.5,53.68,20.01,33.47,49.25,Spring
2020-05-09,24.86,56.96,20.03,2.4,27.64,Spring
2020-05-10,21.89,59.3,18.07,11.7,40.02,Spring
2020-05-11,26.91,55.79,15.14,3.02,22.13,Spring
2020-05-12,23.68,64.33,19.71,4.4,42.52,Spring
2020-05-13,28.44,54.72,19.14,9.49,30.78,Spring
2020-05-14,24.41,54.46,12.52,6.48,22.37,Spring
2020-05-15,31.97,54.45,10.98,2.1,5.77,Spring
2020-05-16,25.12,61.06,15.71,2.25,19.4,Spring
2020-05-17,26.64,47.76,25.84,6.5,22.48,Spring
2020-05-18,30.19,54.05,6.33,16.99,44.89,Spring
2020-05-19,24.19,59.36,4.73,27.39,49.28,Spring
2020-05-20,28.69,50.77,16.15,1.05,9.16,Spring
2020-05-21,32.06,56.44,15.36,5.99,27.12,Spring
2020-05-22,23.44,55.71,16.21,1.27,27.86,Spring
2020-05-23,28.93,52.69,16.71,0.2,35.46,Spring
2020-05-24,29.27,50.92,13.44,,40.58,Spring
2020-05-25,30.95,50.53,25.43,11.07,37.57,Spring
2020-05-26,25.0,49.73,3.79,2.14,22.52,Spring
2020-05-27,24.85,48.13,9.2,3.2,26.76,Spring
2020-05-28,30.48,58.8,14.28,0.29,32.75,Spring
2020-05-29,29.9,,3.5,21.62,26.13,Spring
2020-05-30,29.85,46.37,13.77,44.12,56.21,Spring
2020-05-31,30.22,40.26,26.63,1.75,13.85,Spring
2020-06-01,27.23,50.23,15.15,1.32,24.98,Summer
2020-06-02,30.04,44.56,16.61,10.14,41.43,Summer
2020-06-03,30.3,59.18,6.18,13.05,25.78,Summer
2020-06-04,27.34,58.38,10.69,2.72,0.0,Summer
2020-06-05,35.15,43.65,12.37,0.26,16.11,Summer
2020-06-06,31.03,61.64,12.78,0.2,29.32,Summer
2020-06-07,26.09,59.24,23.97,4.27,29.22,Summer
2020-06-08,31.69,48.23,18.9,2.5,26.53,Summer
2020-06-09,26.84,41.24,7.22,0.15,17.33,Summer
2020-06-10,32.17,60.93,16.73,4.38,11.15,Summer
2020-06-11,33.32,41.6,18.49,0.06,25.2,Summer
2020-06-12,27.42,45.04,22.98,7.74,18.62,Summer
2020-06-13,32.8,54.08,26.06,1.83,43.49,Summer
2020-06-14,31.18,62.47,7.89,0.21,25.89,Summer
2020-06-15,32.43,56.19,9.32,4.44,18.19,Summer
2020-06-16,,49.49,6.2,2.53,16.17,Summer
2020-06-17,29.25,54.78,13.36,18.21,35.46,Summer
2020-06-18,27.74,57.29,18.26,3.93,21.14,Summer
2020-06-19,27.33,,21.91,1.61,32.62,Summer
2020-06-20,27.55,54.57,14.47,6.18,27.43,Summer
2020-06-21,29.76,51.92,12.76,1.58,14.11,Summer
2020-06-22,,,16.06,11.73,49.46,Summer
2020-06-23,30.8,46.8,9.15,2.35,22.61,Summer
2020-06-24,32.43,47.86,29.63,3.99,31.28,Summer
2020-06-25,29.97,42.77,3.75,0.26,14.15,Summer
2020-06-26,34.26,47.31,16.29,2.78,26.13,Summer
2020-06-27,29.07,47.01,29.17,8.93,31.15,Summer
2020-06-28,37.99,39.3,15.05,,8.47,Summer
2020-06-29,31.67,50.77,13.67,1.27,41.3,Summer
2020-06-30,27.17,60.43,12.5,1.28,34.06,Summer
2020-07-01,26.48,58.61,13.74,8.5,23.68,Summer
2020-07-02,31.09,42.49,24.61,13.32,20.97,Summer
2020-07-03,28.91,,0.48,0.5,23.93,Summer
2020-07-04,31.66,54.58,25.73,2.99,23.56,Summer
2020-07-05,30.87,45.6,5.03,2.06,25.41,Summer
2020-07-06,29.16,50.76,13.13,10.23,31.12,Summer
2020-07-07,26.76,56.55,12.0,0.44,25.45,Summer
2020-07-08,24.68,,19.12,1.19,35.54,Summer
2020-07-09,27.8,53.49,3.81,6.98,31.96,Summer
2020-07-10,31.62,43.24,18.24,0.26,9.74,Summer
2020-07-11,29.6,,29.17,3.39,36.68,Summer
2020-07-12,25.13,56.71,5.46,2.92,39.03,Summer
2020-07-13,29.28,43.82,16.33,2.04,53.35,Summer
2020-07-14,29.82,53.56,10.37,2.51,11.02,Summer
2020-07-15,25.9,54.39,17.98,3.77,25.83,Summer
2020-07-16,28.9,54.85,15.13,0.88,0.0,Summer
2020-07-17,28.5,53.53,10.51,4.24,29.35,Summer
2020-07-18,24.77,62.21,18.42,8.18,21.88,Summer
2020-07-19,29.15,52.52,27.63,7.14,45.66,Summer
2020-07-20,29.63,49.36,13.66,0.84,13.01,Summer
2020-07-21,31.06,50.97,20.04,0.81,3.84,Summer
2020-07-22,30.84,53.25,5.95,1.56,16.69,Summer
2020-07-23,23.41,56.73,8.3,2.24,2.26,Summer
2020-07-24,24.58,55.75,18.31,2.63,29.87,Summer
2020-07-25,,48.66,25.39,5.69,4.47,Summer
2020-07-26,28.64,48.98,17.49,0.29,20.55,Summer
2020-07-27,28.49,45.4,12.81,0.18,0.0,Summer
2020-07-28,38.34,53.28,15.0,2.49,19.04,Summer
2020-07-29,28.34,46.32,6.25,5.97,41.81,Summer
2020-07-30,29.87,47.85,19.23,1.07,24.57,Summer
2020-07-31,29.15,48.29,21.18,5.13,15.98,Summer
2020-08-01,28.07,57.22,11.84,1.5,21.04,Summer
2020-08-02,25.0,53.74,11.71,10.86,29.96,Summer
2020-08-03,28.04,,16.86,11.3,34.9,Summer
2020-08-04,23.27,53.23,11.94,1.76,7.92,Summer
2020-08-05,24.69,56.85,14.54,1.31,27.1,Summer
2020-08-06,23.76,52.03,29.7,2.65,0.0,Summer
2020-08-07,25.27,65.72,13.27,1.38,14.94,Summer
2020-08-08,31.77,43.85,12.49,5.58,20.14,Summer
2020-08-09,19.03,61.53,10.47,8.75,34.2,Summer
2020-08-10,26.49,57.18,20.21,5.59,25.26,Summer
2020-08-11,19.39,61.76,13.73,,13.77,Summer
2020-08-12,22.61,56.19,10.45,2.53,12.43,Summer
2020-08-13,27.08,52.89,24.25,0.85,22.75,Summer
2020-08-14,23.8,56.39,24.94,6.7,25.24,Summer
2020-08-15,20.16,58.34,10.8,2.24,16.22,Summer
2020-08-16,21.03,63.2,1.93,5.56,20.2,Summer
2020-08-17,25.0,66.26,22.05,1.58,28.38,Summer
2020-08-18,20.55,55.98,10.21,0.42,15.2,Summer
2020-08-19,23.17,49.82,20.53,24.52,41.19,Summer
2020-08-20,22.43,56.82,1.21,0.85,42.46,Summer
2020-08-21,20.11,72.02,21.25,22.29,25.83,Summer
2020-08-22,28.27,48.57,6.52,18.92,18.51,Summer
2020-08-23,23.51,64.6,20.12,7.89,34.94,Summer
2020-08-24,15.3,71.36,15.1,5.39,18.06,Summer
2020-08-25,21.7,55.08,8.32,4.31,20.7,Summer
2020-08-26,18.92,62.92,12.15,,21.24,Summer
2020-08-27,23.22,64.77,19.8,1.71,18.94,Summer
2020-08-28,18.05,58.87,15.74,3.15,38.82,Summer
2020-08-29,19.84,58.32,19.09,,32.37,Summer
2020-08-30,21.46,55.13,28.84,2.65,31.01,Summer
2020-08-31,22.29,52.3,4.05,2.79,8.35,Summer
2020-09-01,15.85,59.28,26.32,4.01,12.1,Autumn
2020-09-02,18.2,54.53,15.73,8.31,0.0,Autumn
2020-09-03,17.53,,8.71,19.01,29.01,Autumn
2020-09-04,16.75,57.96,5.69,2.25,31.59,Autumn
2020-09-05,23.75,57.38,13.68,27.25,49.69,Autumn
2020-09-06,19.42,51.89,21.45,11.68,28.3,Autumn
2020-09-07,,65.53,14.11,,35.38,Autumn
2020-09-08,20.45,,25.58,8.12,20.42,Autumn
2020-09-09,23.81,46.19,4.84,15.12,35.65,Autumn
2020-09-10,20.28,60.85,14.92,0.16,27.81,Autumn
2020-09-11,12.37,71.45,6.23,17.06,19.19,Autumn
2020-09-12,15.22,56.98,17.55,0.41,23.37,Autumn
2020-09-13,20.22,67.4,21.21,22.06,49.18,Autumn
2020-09-14,14.04,66.07,12.05,48.24,59.26,Autumn
2020-09-15,17.23,57.9,3.23,3.48,30.14,Autumn
2020-09-16,17.97,60.55,16.39,2.36,50.27,Autumn
2020-09-17,12.61,67.91,18.06,14.5,32.0,Autumn
2020-09-18,14.95,63.63,17.83,2.92,26.56,Autumn
2020-09-19,5.15,73.78,23.65,20.07,30.68,Autumn
2020-09-20,11.54,61.37,7.5,1.09,22.79,Autumn
2020-09-21,,65.18,19.76,1.35,25.81,Autumn
2020-09-22,10.35,59.86,23.35,38.7,56.78,Autumn
2020-09-23,18.74,59.66,2.55,11.2,19.89,Autumn
2020-09-24,9.29,63.26,17.24,18.77,38.95,Autumn
2020-09-25,12.0,61.93,11.47,3.92,38.15,Autumn
2020-09-26,13.46,70.62,14.43,,34.64,Autumn
2020-09-27,17.14,66.96,17.43,9.02,37.74,Autumn
2020-09-28,8.25,71.65,11.59,,25.95,Autumn
2020-09-29,15.79,57.11,10.27,11.47,37.83,Autumn
2020-09-30,12.08,63.96,15.24,,30.5,Autumn
2020-10-01,8.85,74.19,7.39,5.6,15.54,Autumn
2020-10-02,12.93,65.57,7.4,3.23,26.09,Autumn
2020-10-03,11.89,77.29,19.76,14.64,23.25,Autumn
2020-10-04,9.24,69.78,6.96,2.57,15.98,Autumn
2020-10-05,11.01,67.36,19.66,11.79,32.5,Autumn
2020-10-06,9.39,66.15,18.24,2.66,25.36,Autumn
2020-10-07,10.64,67.36,2.92,9.82,16.94,Autumn
2020-10-08,12.05,64.81,10.26,13.75,42.91,Autumn
2020-10-09,14.57,67.09,23.36,,27.94,Autumn
2020-10-10,5.86,75.3,8.13,0.62,13.51,Autumn
2020-10-11,15.73,58.69,11.75,1.4,5.89,Autumn
2020-10-12,3.24,65.96,18.23,9.31,26.93,Autumn
2020-10-13,8.4,59.3,20.48,18.93,32.58,Autumn
2020-10-14,10.39,69.44,13.24,0.46,21.55,Autumn
2020-10-15,9.24,62.3,10.82,13.25,28.29,Autumn
2020-10-16,6.29,59.41,24.96,4.18,3.68,Autumn
2020-10-17,7.31,71.3,27.17,6.51,21.98,Autumn
2020-10-18,6.23,82.69,21.85,26.43,40.73,Autumn
2020-10-19,5.71,70.61,15.6,4.03,29.97,Autumn
2020-10-20,9.81,71.55,9.34,6.26,18.65,Autumn
2020-10-21,8.11,69.13,9.19,0.14,36.91,Autumn
2020-10-22,4.74,70.92,18.66,0.85,1.65,Autumn
2020-10-23,9.3,72.36,17.93,2.99,35.8,Autumn
2020-10-24,7.32,,24.81,0.28,18.01,Autumn
2020-10-25,8.62,69.65,19.55,9.98,37.58,Autumn
2020-10-26,7.86,70.53,4.48,5.56,25.8,Autumn
2020-10-27,3.28,69.24,22.36,7.94,38.55,Autumn
2020-10-28,3.89,77.06,8.01,1.92,17.85,Autumn
2020-10-29,7.61,68.24,12.31,3.51,12.17,Autumn
2020-10-30,7.0,,16.75,10.9,44.02,Autumn
2020-10-31,4.92,73.96,28.97,33.61,49.12,Autumn
2020-11-01,5.14,66.6,36.77,0.52,22.68,Autumn
2020-11-02,8.43,68.6,19.25,22.11,52.24,Autumn
2020-11-03,2.64,73.05,13.72,8.6,17.42,Autumn
2020-11-04,5.88,75.94,18.74,8.3,33.42,Autumn
2020-11-05,3.45,74.82,21.21,,20.34,Autumn
2020-11-06,3.23,72.5,12.76,0.72,19.33,Autumn
2020-11-07,7.01,73.69,27.57,0.94,21.57,Autumn
2020-11-08,6.02,77.34,16.61,9.19,13.26,Autumn
2020-11-09,5.82,,18.48,4.17,15.96,Autumn
2020-11-10,7.13,69.55,19.66,24.92,55.94,Autumn
2020-11-11,3.12,66.15,17.95,5.22,33.56,Autumn
2020-11-12,,65.92,20.87,1.55,20.77,Autumn
2020-11-13,1.82,,10.68,12.54,33.72,Autumn
2020-11-14,3.58,69.3,11.09,3.47,20.18,Autumn
2020-11-15,2.07,72.62,7.3,7.45,40.27,Autumn
2020-11-16,2.61,73.4,18.08,11.97,28.77,Autumn
2020-11-17,3.97,74.68,20.45,,43.07,Autumn
2020-11-18,-0.4,75.18,18.2,15.71,45.6,Autumn
2020-11-19,8.2,71.08,26.72,11.28,22.38,Autumn
2020-11-20,-1.22,76.51,14.96,11.38,45.83,Autumn
2020-11-21,-1.96,66.9,19.68,29.17,30.95,Autumn
2020-11-22,5.04,66.48,7.36,3.51,39.45,Autumn
2020-11-23,3.82,71.43,12.29,0.01,16.28,Autumn
2020-11-24,3.21,66.59,19.87,3.17,20.43,Autumn
2020-11-25,3.12,75.71,20.94,2.46,3.31,Autumn
2020-11-26,1.1,81.98,12.94,10.84,25.21,Autumn
2020-11-27,-1.65,82.62,14.5,10.04,18.64,Autumn
2020-11-28,1.17,73.2,4.37,9.0,22.02,Autumn
2020-11-29,-1.17,83.6,12.5,0.16,18.77,Autumn
2020-11-30,3.7,72.99,21.23,13.05,41.32,Autumn
2020-12-01,0.25,,20.53,3.13,24.89,Winter
2020-12-02,-1.86,73.63,20.0,8.75,30.95,Winter
2020-12-03,-0.42,74.03,16.85,6.51,14.9,Winter
2020-12-04,1.72,71.89,16.55,3.36,14.21,Winter
2020-12-05,-1.27,77.08,11.88,1.16,39.03,Winter
2020-12-06,-2.11,,21.39,0.79,13.36,Winter
2020-12-07,1.04,74.39,19.45,14.25,49.38,Winter
2020-12-08,0.99,76.6,19.94,20.05,35.61,Winter
2020-12-09,-1.31,82.21,12.82,8.39,27.58,Winter
2020-12-10,-1.24,80.95,1.57,0.87,31.49,Winter
2020-12-11,0.83,67.12,24.18,4.11,36.42,Winter
2020-12-12,-4.24,65.83,13.15,10.44,28.29,Winter
2020-12-13,-4.15,83.2,10.46,12.11,27.01,Winter
2020-12-14,-2.11,70.06,21.35,1.01,20.35,Winter
2020-12-15,-0.61,74.57,13.76,0.0,23.38,Winter
2020-12-16,0.95,68.6,23.92,9.96,37.88,Winter
2020-12-17,,62.65,20.82,3.53,23.22,Winter
2020-12-18,2.57,75.86,21.28,2.35,28.3,Winter
2020-12-19,-0.48,79.39,6.94,0.1,36.48,Winter
2020-12-20,-0.05,72.37,24.98,6.22,29.41,Winter
2020-12-21,-3.0,64.65,18.33,15.24,36.83,Winter
2020-12-22,-0.03,72.5,13.92,25.29,27.57,Winter
2020-12-23,-0.83,,17.5,6.67,0.0,Winter
2020-12-24,1.03,66.99,4.07,5.78,29.09,Winter
2020-12-25,-2.39,78.04,19.36,,19.69,Winter
2020-12-26,1.67,73.79,9.29,6.37,20.58,Winter
2020-12-27,4.75,74.31,7.03,3.82,25.88,Winter
2020-12-28,-0.14,75.92,5.84,7.47,26.12,Winter
2020-12-29,1.44,69.19,24.29,3.94,34.82,Winter
2020-12-30,2.35,79.31,12.1,2.2,22.84,Winter
2020-12-31,-0.87,75.11,27.24,0.8,13.25,Winter
2021-01-01,1.0,74.27,12.75,3.03,32.62,Winter
2021-01-02,0.43,70.2,4.55,0.81,18.56,Winter
2021-01-03,0.74,72.4,8.68,1.56,26.67,Winter
2021-01-04,-1.81,72.23,25.15,34.95,46.68,Winter
2021-01-05,0.66,73.82,15.41,4.7,17.73,Winter
2021-01-06,2.15,82.05,12.66,6.07,26.31,Winter
2021-01-07,5.09,64.28,17.62,16.55,35.02,Winter
2021-01-08,3.69,64.19,20.01,43.35,63.82,Winter
2021-01-09,7.36,76.67,24.32,6.99,23.61,Winter
2021-01-10,-1.31,75.21,26.64,13.39,13.69,Winter
2021-01-11,3.7,68.9,13.98,3.17,18.52,Winter
2021-01-12,1.74,79.02,7.22,2.92,30.57,Winter
2021-01-13,7.86,65.89,13.61,4.12,20.74,Winter
2021-01-14,-1.03,85.16,18.32,8.93,25.57,Winter
2021-01-15,-1.01,79.41,9.75,9.17,38.12,Winter
2021-01-16,-0.18,72.91,9.8,3.03,15.61,Winter
2021-01-17,-4.63,,18.91,1.14,5.6,Winter
2021-01-18,0.28,71.95,16.16,8.01,25.6,Winter
2021-01-19,-0.29,79.15,16.73,1.1,16.15,Winter
2021-01-20,2.57,74.65,11.19,6.91,16.56,Winter
2021-01-21,3.28,79.09,14.89,9.46,26.76,Winter
2021-01-22,8.02,,10.03,9.65,33.6,Winter
2021-01-23,5.38,71.06,22.73,11.2,29.99,Winter
2021-01-24,0.95,70.68,23.75,16.5,37.92,Winter
2021-01-25,0.13,77.4,3.58,,43.12,Winter
2021-01-26,4.46,68.26,9.99,,26.01,Winter
2021-01-27,,85.94,6.02,7.72,29.73,Winter
2021-01-28,8.79,68.86,11.95,1.65,16.4,Winter
2021-01-29,7.0,67.78,15.92,0.21,11.72,Winter
2021-01-30,2.22,74.36,6.35,2.68,16.56,Winter
2021-01-31,-1.34,69.55,10.05,4.68,19.43,Winter
2021-02-01,8.03,63.93,9.47,7.68,30.51,Winter
2021-02-02,3.8,78.17,17.95,15.17,57.15,Winter
2021-02-03,8.04,65.49,16.99,1.75,14.41,Winter
2021-02-04,-0.28,70.19,11.45,1.07,16.8,Winter
2021-02-05,2.9,75.57,17.74,26.48,43.2,Winter
2021-02-06,4.9,77.22,12.67,0.91,24.78,Winter
2021-02-07,5.22,74.63,14.6,5.21,27.32,Winter
2021-02-08,3.92,77.05,28.21,7.05,39.18,Winter
2021-02-09,7.34,,25.88,6.24,1.35,Winter
2021-02-10,2.47,66.13,7.4,,0.0,Winter
2021-02-11,,78.36,22.31,0.47,15.46,Winter
2021-02-12,6.44,68.44,22.18,0.89,31.78,Winter
2021-02-13,,67.69,8.46,7.05,10.69,Winter
2021-02-14,8.63,74.94,22.23,6.29,0.0,Winter
2021-02-15,3.34,75.32,27.27,2.13,27.63,Winter
2021-02-16,2.33,75.63,8.64,8.12,29.75,Winter
2021-02-17,10.98,77.25,10.08,13.72,21.45,Winter
2021-02-18,8.37,65.3,23.62,0.34,10.45,Winter
2021-02-19,5.35,75.57,18.4,5.52,15.27,Winter
2021-02-20,12.47,65.52,20.36,9.35,29.52,Winter
2021-02-21,8.39,69.84,18.88,,15.83,Winter
2021-02-22,11.81,73.4,19.23,2.94,27.59,Winter
2021-02-23,8.71,70.78,7.21,7.61,0.0,Winter
2021-02-24,14.92,65.96,23.83,18.26,27.86,Winter
2021-02-25,14.24,69.18,24.69,13.28,20.69,Winter
2021-02-26,8.47,66.61,14.89,7.0,23.74,Winter
2021-02-27,12.37,61.12,16.2,10.48,24.05,Winter
2021-02-28,11.63,60.68,5.78,3.63,31.25,Winter
2021-03-01,14.04,54.14,18.6,12.29,12.47,Spring
2021-03-02,7.29,79.66,19.0,7.53,27.23,Spring
2021-03-03,12.48,59.7,14.56,2.53,27.86,Spring
2021-03-04,13.85,63.02,22.87,14.52,51.63,Spring
2021-03-05,5.64,69.31,12.66,9.76,23.96,Spring
2021-03-06,7.62,70.65,18.95,5.33,28.04,Spring
2021-03-07,5.3,75.05,7.86,29.08,28.13,Spring
2021-03-08,10.86,70.82,14.84,0.25,0.0,Spring
2021-03-09,14.08,61.03,13.78,4.55,32.55,Spring
2021-03-10,16.68,61.03,16.58,0.7,20.58,Spring
2021-03-11,12.65,66.5,12.41,17.46,47.5,Spring
2021-03-12,17.57,59.91,14.08,14.53,19.35,Spring
2021-03-13,8.8,76.2,20.78,4.83,29.55,Spring
2021-03-14,8.09,71.19,11.94,13.51,50.85,Spring
2021-03-15,13.29,68.25,3.75,6.05,29.64,Spring
2021-03-16,14.86,66.63,27.25,16.94,38.01,Spring
2021-03-17,13.87,69.98,24.67,7.27,26.62,Spring
2021-03-18,,69.69,5.95,6.38,10.03,Spring
2021-03-19,14.22,57.35,19.83,32.75,63.03,Spring
2021-03-20,10.83,68.54,11.48,3.47,17.01,Spring
2021-03-21,17.01,58.34,16.84,1.54,26.43,Spring
2021-03-22,16.36,59.48,17.06,10.54,13.86,Spring
2021-03-23,12.7,67.98,13.36,41.81,45.83,Spring
2021-03-24,14.23,70.01,9.51,5.69,39.48,Spring
2021-03-25,12.85,65.03,10.17,0.77,17.22,Spring
2021-03-26,16.1,63.87,8.59,4.97,39.01,Spring
2021-03-27,,,9.18,8.46,26.83,Spring
2021-03-28,13.85,65.34,14.53,2.12,3.49,Spring
2021-03-29,18.57,73.36,9.99,12.88,40.51,Spring
2021-03-30,15.72,65.46,19.77,73.16,79.94,Spring
2021-03-31,15.19,54.25,25.41,7.21,33.48,Spring
2021-04-01,17.5,64.97,10.94,5.26,24.98,Spring
2021-04-02,14.97,65.14,16.68,6.14,10.1,Spring
2021-04-03,16.67,68.32,18.5,1.47,22.96,Spring
2021-04-04,14.99,66.58,18.3,25.78,65.16,Spring
2021-04-05,24.72,54.74,15.53,6.43,30.72,Spring
2021-04-06,19.19,53.74,20.2,5.88,24.72,Spring
2021-04-07,17.23,60.38,18.38,12.93,42.39,Spring
2021-04-08,20.22,54.78,6.34,7.0,28.41,Spring
2021-04-09,19.48,56.72,21.08,12.54,33.38,Spring
2021-04-10,19.4,62.63,21.21,0.76,9.77,Spring
2021-04-11,22.15,65.84,9.66,20.17,40.49,Spring
2021-04-12,22.82,58.93,15.27,33.86,60.83,Spring
2021-04-13,19.19,53.87,19.78,12.56,22.94,Spring
2021-04-14,19.29,62.0,13.53,37.1,67.63,Spring
2021-04-15,20.43,64.85,22.51,1.97,20.86,Spring
2021-04-16,,60.49,31.55,7.79,18.13,Spring
2021-04-17,17.18,60.8,9.5,11.05,39.92,Spring
2021-04-18,26.05,54.44,5.33,10.46,26.55,Spring
2021-04-19,27.12,49.59,17.13,6.16,33.14,Spring
2021-04-20,21.66,61.12,20.05,4.95,21.54,Spring
2021-04-21,24.36,55.12,13.38,1.63,20.87,Spring
2021-04-22,23.78,58.28,25.17,5.97,30.3,Spring
2021-04-23,32.31,44.93,5.63,2.13,24.83,Spring
2021-04-24,26.65,51.7,19.85,15.91,14.36,Spring
2021-04-25,23.12,60.33,10.76,2.81,11.32,Spring
2021-04-26,20.85,56.67,27.04,0.72,29.95,Spring
2021-04-27,19.1,68.56,28.95,9.65,27.36,Spring
2021-04-28,24.74,53.42,9.63,10.85,24.53,Spring
2021-04-29,22.06,58.68,11.15,24.66,28.61,Spring
2021-04-30,20.26,63.66,21.02,10.32,18.49,Spring
2021-05-01,22.79,49.88,12.29,5.09,4.36,Spring
2021-05-02,21.68,49.06,14.68,19.5,36.53,Spring
2021-05-03,30.18,43.44,15.18,9.33,22.41,Spring
2021-05-04,27.95,59.16,1.56,0.99,11.23,Spring
2021-05-05,25.47,52.07,14.9,10.01,28.33,Spring
2021-05-06,30.11,63.91,10.17,28.63,49.41,Spring
2021-05-07,26.09,51.52,11.55,6.06,46.38,Spring
2021-05-08,,57.37,25.11,4.22,8.68,Spring
2021-05-09,30.77,58.3,6.2,1.86,33.27,Spring
2021-05-10,27.99,62.85,20.69,1.97,31.5,Spring
2021-05-11,23.43,66.77,13.05,6.8,18.33,Spring
2021-05-12,26.13,60.34,13.04,10.87,31.81,Spring
2021-05-13,24.24,60.94,20.53,1.01,16.33,Spring
2021-05-14,22.87,59.87,17.38,33.67,52.16,Spring
2021-05-15,29.95,,18.99,16.88,50.29,Spring
2021-05-16,33.05,46.01,21.78,10.6,35.6,Spring
2021-05-17,23.27,52.5,12.68,21.15,44.12,Spring
2021-05-18,29.3,51.75,10.71,,16.6,Spring
2021-05-19,25.8,53.72,7.4,7.77,12.16,Spring
2021-05-20,26.42,51.81,9.22,11.93,28.66,Spring
2021-05-21,26.23,57.7,35.64,21.17,51.12,Spring
2021-05-22,25.55,59.55,23.71,18.36,21.25,Spring
2021-05-23,28.41,52.93,5.54,3.89,12.95,Spring
2021-05-24,25.89,61.89,5.74,33.94,51.81,Spring
2021-05-25,29.31,46.06,18.37,1.59,11.59,Spring
2021-05-26,28.45,51.48,18.83,24.97,34.54,Spring
2021-05-27,28.0,49.23,18.84,42.46,53.98,Spring
2021-05-28,26.09,45.0,13.22,2.34,8.45,Spring
2021-05-29,27.18,,14.12,15.36,24.09,Spring
2021-05-30,31.27,49.58,17.3,,27.48,Spring
2021-05-31,,58.3,15.6,6.24,12.54,Spring
2021-06-01,26.25,57.36,0.54,3.63,7.29,Summer
2021-06-02,29.56,46.44,13.39,4.35,17.61,Summer
2021-06-03,31.6,59.2,9.04,13.74,39.69,Summer
2021-06-04,24.41,61.79,16.23,5.58,23.05,Summer
2021-06-05,31.12,53.23,35.9,3.28,18.31,Summer
2021-06-06,27.56,52.03,17.57,8.3,27.91,Summer
2021-06-07,31.32,45.35,12.81,15.03,16.07,Summer
2021-06-08,27.38,51.44,21.45,0.11,25.05,Summer
2021-06-09,,61.21,18.38,20.23,42.04,Summer
2021-06-10,24.88,64.72,17.94,0.45,16.31,Summer
2021-06-11,,58.96,19.25,8.42,37.64,Summer
2021-06-12,30.63,48.26,29.4,1.64,10.21,Summer
2021-06-13,27.17,,7.08,0.71,31.92,Summer
2021-06-14,31.83,50.45,18.32,2.9,24.15,Summer
2021-06-15,,46.4,8.52,5.16,21.28,Summer
2021-06-16,29.76,53.01,18.89,2.4,21.96,Summer
2021-06-17,26.34,53.4,8.57,0.28,19.18,Summer
2021-06-18,28.03,50.45,12.08,4.57,36.32,Summer
2021-06-19,30.14,43.12,12.93,11.63,19.7,Summer
2021-06-20,27.42,55.84,21.83,2.42,14.55,Summer
2021-06-21,28.85,49.47,21.43,1.22,31.46,Summer
2021-06-22,33.01,42.95,6.28,2.92,16.67,Summer
2021-06-23,28.25,38.24,15.38,0.25,29.23,Summer
2021-06-24,32.48,49.09,10.03,8.59,44.72,Summer
2021-06-25,26.56,62.82,6.19,8.75,23.86,Summer
2021-06-26,31.52,58.3,13.48,4.43,30.8,Summer
2021-06-27,34.22,45.54,12.84,2.18,10.42,Summer
2021-06-28,22.45,54.24,31.99,8.04,34.78,Summer
2021-06-29,27.44,55.6,18.03,4.04,25.63,Summer
2021-06-30,31.52,45.0,5.36,8.74,32.6,Summer
2021-07-01,29.13,53.41,11.05,4.99,18.04,Summer
2021-07-02,,54.39,22.15,7.67,10.29,Summer
2021-07-03,,59.08,29.62,4.56,29.14,Summer
2021-07-04,29.84,50.83,3.9,2.67,1.77,Summer
2021-07-05,29.05,50.95,1.84,15.84,31.09,Summer
2021-07-06,32.96,44.45,28.1,3.89,32.92,Summer
2021-07-07,30.14,46.96,17.73,4.65,26.1,Summer
2021-07-08,30.32,49.82,8.92,1.25,40.6,Summer
2021-07-09,27.99,,18.74,4.91,34.67,Summer
2021-07-10,27.68,57.63,3.45,4.24,17.28,Summer
2021-07-11,27.76,48.99,15.02,1.02,21.19,Summer
2021-07-12,30.14,58.56,17.29,0.31,19.8,Summer
2021-07-13,27.6,51.77,21.47,4.64,8.35,Summer
2021-07-14,29.63,51.39,7.9,7.21,17.09,Summer
2021-07-15,34.89,43.56,15.6,3.71,17.73,Summer
2021-07-16,31.16,38.16,8.52,1.29,0.8,Summer
2021-07-17,27.46,57.66,16.79,5.49,25.42,Summer
2021-07-18,31.92,53.35,8.73,0.42,17.89,Summer
2021-07-19,26.98,52.22,12.14,2.92,5.9,Summer
2021-07-20,21.96,57.97,8.03,0.89,24.84,Summer
2021-07-21,24.92,57.85,19.56,1.02,28.08,Summer
2021-07-22,22.2,49.63,21.01,1.13,23.29,Summer
2021-07-23,26.62,51.26,13.36,2.44,18.96,Summer
2021-07-24,27.59,57.1,15.27,0.26,26.15,Summer
2021-07-25,32.42,43.0,4.86,2.54,29.08,Summer
2021-07-26,28.23,54.09,12.9,3.58,26.3,Summer
2021-07-27,26.44,47.27,14.65,3.3,14.73,Summer
2021-07-28,29.43,54.0,33.35,,24.94,Summer
2021-07-29,20.15,58.91,7.22,9.14,40.18,Summer
2021-07-30,27.33,45.27,25.25,0.79,14.74,Summer
2021-07-31,28.77,58.02,21.98,3.52,44.15,Summer
2021-08-01,21.85,54.05,16.96,0.32,15.03,Summer
2021-08-02,29.55,47.52,27.31,0.37,20.66,Summer
2021-08-03,26.96,54.64,17.6,4.27,17.11,Summer
2021-08-04,24.52,61.34,17.72,4.17,25.99,Summer
2021-08-05,27.48,48.14,14.63,10.52,12.05,Summer
2021-08-06,32.21,49.75,23.56,4.08,18.21,Summer
2021-08-07,25.76,56.75,22.68,16.07,23.54,Summer
2021-08-08,25.77,58.06,10.62,0.25,21.58,Summer
2021-08-09,23.45,57.33,5.77,0.52,30.41,Summer
2021-08-10,22.08,55.71,13.58,0.23,26.66,Summer
2021-08-11,26.92,49.53,9.4,1.02,0.0,Summer
2021-08-12,21.66,58.31,14.56,,43.93,Summer
2021-08-13,24.24,50.46,23.66,5.19,27.62,Summer
2021-08-14,22.38,42.69,11.8,0.23,12.44,Summer
2021-08-15,25.04,57.36,14.7,14.59,34.7,Summer
2021-08-16,24.39,60.21,15.41,,30.07,Summer
2021-08-17,26.29,42.36,20.94,1.76,14.91,Summer
2021-08-18,21.43,53.01,0.73,0.4,22.34,Summer
2021-08-19,21.93,60.76,10.75,0.93,14.76,Summer
2021-08-20,19.58,69.83,16.48,0.68,16.57,Summer
2021-08-21,20.96,58.54,23.4,0.66,13.73,Summer
2021-08-22,23.2,53.01,11.56,3.65,8.96,Summer
2021-08-23,24.11,55.01,1.86,1.41,22.73,Summer
2021-08-24,18.84,67.01,19.34,2.22,27.85,Summer
2021-08-25,23.98,52.79,10.55,22.78,45.65,Summer
2021-08-26,25.21,51.05,6.67,5.77,33.39,Summer
2021-08-27,22.14,55.08,10.63,14.88,36.63,Summer
2021-08-28,26.3,49.4,13.71,0.77,15.36,Summer
2021-08-29,18.1,61.34,10.77,2.41,30.56,Summer
2021-08-30,16.45,70.17,0.44,4.05,10.07,Summer
2021-08-31,14.6,65.14,21.28,0.4,11.35,Summer
2021-09-01,24.18,54.6,23.92,0.04,10.4,Autumn
2021-09-02,21.41,56.62,19.56,11.1,40.79,Autumn
2021-09-03,19.04,52.16,7.04,10.27,38.67,Autumn
2021-09-04,19.79,63.79,13.59,5.29,29.63,Autumn
2021-09-05,15.33,62.56,14.95,6.73,36.77,Autumn
2021-09-06,25.79,53.67,19.19,5.37,16.04,Autumn
2021-09-07,18.59,76.3,19.68,0.24,23.7,Autumn
2021-09-08,18.28,62.08,9.86,4.09,22.43,Autumn
2021-09-09,19.87,55.55,15.57,1.95,30.22,Autumn
2021-09-10,18.89,57.97,18.2,1.04,19.78,Autumn
2021-09-11,17.86,,25.19,31.4,44.41,Autumn
2021-09-12,14.56,64.13,19.93,9.15,33.64,Autumn
2021-09-13,18.09,53.55,20.52,13.04,40.5,Autumn
2021-09-14,22.06,62.15,15.59,3.79,16.73,Autumn
2021-09-15,20.2,55.71,24.87,4.99,23.88,Autumn
2021-09-16,,68.03,17.87,2.7,11.85,Autumn
2021-09-17,14.11,69.32,8.97,1.02,0.0,Autumn
2021-09-18,12.42,63.04,24.82,1.97,23.78,Autumn
2021-09-19,14.75,69.81,19.89,15.97,40.46,Autumn
2021-09-20,15.04,63.52,11.9,11.32,32.81,Autumn
2021-09-21,17.9,,11.64,7.92,7.63,Autumn
2021-09-22,9.28,70.21,17.08,6.45,22.29,Autumn
2021-09-23,18.69,,18.24,25.57,20.83,Autumn
2021-09-24,13.37,61.3,16.38,0.76,34.38,Autumn
2021-09-25,12.3,70.52,17.18,3.29,12.1,Autumn
2021-09-26,10.29,65.3,26.9,4.31,36.43,Autumn
2021-09-27,8.1,,22.5,15.25,43.19,Autumn
2021-09-28,15.28,58.21,16.33,48.95,55.05,Autumn
2021-09-29,12.78,,21.59,2.75,11.15,Autumn
2021-09-30,8.43,78.77,7.77,20.74,42.17,Autumn
2021-10-01,8.16,63.34,17.79,17.76,27.54,Autumn
2021-10-02,10.79,66.7,27.67,2.54,23.31,Autumn
2021-10-03,16.55,,13.47,5.1,19.76,Autumn
2021-10-04,10.52,66.4,9.07,5.27,6.93,Autumn
2021-10-05,6.54,72.24,10.44,38.27,32.14,Autumn
2021-10-06,10.06,61.85,7.37,2.0,24.06,Autumn
2021-10-07,9.73,,9.51,16.05,28.83,Autumn
2021-10-08,2.21,72.5,12.41,4.07,18.13,Autumn
2021-10-09,9.9,72.22,5.16,13.13,38.77,Autumn
2021-10-10,9.12,73.85,15.11,5.45,36.64,Autumn
2021-10-11,,78.83,21.32,8.64,25.05,Autumn
2021-10-12,14.88,66.2,8.65,17.87,32.68,Autumn
2021-10-13,,66.86,25.63,16.3,39.68,Autumn
2021-10-14,8.05,69.74,18.58,20.13,24.55,Autumn
2021-10-15,5.31,69.2,22.21,0.61,22.78,Autumn
2021-10-16,,64.01,10.4,11.78,36.12,Autumn
2021-10-17,8.34,67.06,20.98,1.51,28.16,Autumn
2021-10-18,7.97,69.67,7.36,5.38,5.47,Autumn
2021-10-19,7.63,75.69,21.23,7.95,19.54,Autumn
2021-10-20,8.08,63.72,16.2,5.15,15.86,Autumn
2021-10-21,6.83,75.45,18.87,7.33,27.6,Autumn
2021-10-22,5.32,77.54,6.77,56.63,75.77,Autumn
2021-10-23,5.18,70.47,8.73,1.45,36.27,Autumn
2021-10-24,6.51,59.39,19.18,11.25,25.18,Autumn
2021-10-25,4.76,68.36,8.36,5.04,19.56,Autumn
2021-10-26,4.04,78.46,18.24,1.43,32.78,Autumn
2021-10-27,6.29,70.06,5.43,1.73,24.52,Autumn
2021-10-28,5.01,66.21,20.94,29.81,59.51,Autumn
2021-10-29,10.08,64.62,6.37,21.17,41.94,Autumn
2021-10-30,-2.58,81.48,18.87,23.76,29.81,Autumn
2021-10-31,8.45,71.18,19.38,47.72,49.61,Autumn
2021-11-01,8.72,67.04,10.12,2.34,6.59,Autumn
2021-11-02,-1.43,74.52,19.07,4.39,30.57,Autumn
2021-11-03,3.57,70.39,16.82,11.06,41.84,Autumn
2021-11-04,3.3,67.95,11.23,6.61,44.45,Autumn
2021-11-05,0.01,83.28,7.94,5.42,33.31,Autumn
2021-11-06,1.72,72.22,1.26,4.43,35.61,Autumn
2021-11-07,0.55,80.85,17.45,9.01,22.31,Autumn
2021-11-08,8.97,75.64,4.05,8.57,16.15,Autumn
2021-11-09,6.35,75.12,15.67,1.76,30.09,Autumn
2021-11-10,7.19,67.3,13.16,6.38,29.92,Autumn
2021-11-11,5.38,72.92,19.75,8.06,28.33,Autumn
2021-11-12,-0.33,75.35,12.89,8.45,31.48,Autumn
2021-11-13,1.33,69.63,12.69,2.36,25.35,Autumn
2021-11-14,4.22,73.45,20.12,13.56,45.04,Autumn
2021-11-15,-1.06,70.16,17.35,0.26,33.18,Autumn
2021-11-16,4.6,77.47,17.21,4.38,29.39,Autumn
2021-11-17,1.6,71.6,18.28,15.15,42.09,Autumn
2021-11-18,1.06,75.37,4.25,8.3,32.61,Autumn
2021-11-19,4.19,73.28,20.3,3.03,18.11,Autumn
2021-11-20,3.26,71.31,19.29,11.87,38.25,Autumn
2021-11-21,0.72,77.57,7.88,8.38,13.6,Autumn
2021-11-22,5.16,68.71,13.29,15.91,44.86,Autumn
2021-11-23,-1.68,80.91,14.72,13.28,20.01,Autumn
2021-11-24,3.3,65.84,14.06,9.42,31.34,Autumn
2021-11-25,3.12,73.34,17.34,6.7,17.58,Autumn
2021-11-26,0.31,84.66,25.02,1.43,26.82,Autumn
2021-11-27,,68.52,22.57,3.03,22.39,Autumn
2021-11-28,-2.71,73.99,5.81,5.43,8.94,Autumn
2021-11-29,3.72,74.8,19.35,9.15,32.44,Autumn
2021-11-30,0.3,75.86,24.3,7.21,20.71,Autumn
2021-12-01,-0.79,77.6,19.21,2.72,31.26,Winter
2021-12-02,3.84,74.58,24.14,0.05,20.06,Winter
2021-12-03,-1.49,79.58,30.59,5.49,28.89,Winter
2021-12-04,-3.68,83.7,23.67,2.69,12.85,Winter
2021-12-05,-4.19,80.61,18.25,10.61,23.66,Winter
2021-12-06,2.24,72.21,23.82,0.19,15.59,Winter
2021-12-07,-3.48,81.36,17.51,7.03,34.9,Winter
2021-12-08,5.57,80.25,16.67,22.71,57.21,Winter
2021-12-09,-5.99,79.34,14.04,1.53,13.33,Winter
2021-12-10,,66.1,27.44,5.1,35.36,Winter
2021-12-11,0.8,80.1,10.77,0.77,0.0,Winter
2021-12-12,-0.16,74.73,27.23,7.86,15.13,Winter
2021-12-13,-1.53,65.57,20.0,6.4,16.17,Winter
2021-12-14,1.27,78.43,6.7,4.19,10.24,Winter
2021-12-15,-0.06,72.58,19.07,5.89,9.47,Winter
2021-12-16,3.34,72.08,1.8,18.15,40.47,Winter
2021-12-17,0.36,76.58,20.88,1.75,19.43,Winter
2021-12-18,0.46,75.79,22.7,0.18,23.96,Winter
2021-12-19,-1.09,79.63,12.35,15.82,41.15,Winter
2021-12-20,-0.17,73.17,17.36,6.89,28.85,Winter
2021-12-21,,77.03,30.18,17.71,42.51,Winter
2021-12-22,-5.12,78.01,12.96,7.27,25.85,Winter
2021-12-23,-4.02,82.12,9.09,13.29,20.09,Winter
2021-12-24,2.27,76.47,26.87,4.49,34.62,Winter
2021-12-25,0.57,70.07,30.24,11.09,24.09,Winter
2021-12-26,-0.47,81.01,16.53,19.54,28.23,Winter
2021-12-27,0.17,72.39,23.58,6.79,24.33,Winter
2021-12-28,1.19,78.29,25.89,1.6,12.31,Winter
2021-12-29,-1.43,78.19,11.3,2.5,18.08,Winter
2021-12-30,-2.1,86.08,13.1,1.77,25.03,Winter
2021-12-31,0.87,,25.12,2.27,25.52,Winter
2022-01-01,-2.6,75.54,28.3,2.93,13.66,Winter
2022-01-02,1.61,73.82,20.44,6.48,20.95,Winter
2022-01-03,-4.66,77.42,10.34,,37.13,Winter
2022-01-04,3.6,76.33,30.41,4.45,28.97,Winter
2022-01-05,2.0,65.53,12.78,7.64,47.63,Winter
2022-01-06,1.42,68.8,14.15,0.68,32.41,Winter
2022-01-07,3.68,66.92,18.9,0.74,32.1,Winter
2022-01-08,5.81,75.31,27.38,1.51,7.48,Winter
2022-01-09,3.95,80.61,22.48,5.84,32.89,Winter
2022-01-10,-4.53,78.31,19.4,,21.2,Winter
2022-01-11,-2.75,76.57,19.74,2.66,16.89,Winter
2022-01-12,-0.69,76.11,16.8,4.09,25.36,Winter
2022-01-13,1.37,79.92,20.41,13.36,41.48,Winter
2022-01-14,,68.21,4.21,0.11,25.11,Winter
2022-01-15,-0.67,,14.42,8.38,18.76,Winter
2022-01-16,2.18,78.34,18.19,8.84,35.38,Winter
2022-01-17,-0.53,78.14,8.44,12.82,25.16,Winter
2022-01-18,0.03,76.13,19.2,21.6,41.6,Winter
2022-01-19,-2.23,82.0,15.07,0.16,17.11,Winter
2022-01-20,-0.65,,28.79,1.34,19.01,Winter
2022-01-21,-1.8,80.04,27.51,17.38,43.31,Winter
2022-01-22,-0.54,72.37,13.24,4.91,14.01,Winter
2022-01-23,5.69,61.5,15.44,6.65,45.44,Winter
2022-01-24,-0.17,77.9,15.98,8.7,9.62,Winter
2022-01-25,10.72,73.5,13.34,9.09,22.21,Winter
2022-01-26,4.46,70.95,17.87,,43.03,Winter
2022-01-27,3.69,77.02,11.19,46.34,67.55,Winter
2022-01-28,,82.69,8.59,10.19,28.16,Winter
2022-01-29,5.56,77.34,20.86,2.71,21.86,Winter
2022-01-30,1.9,81.89,20.91,16.95,39.36,Winter
2022-01-31,4.16,75.59,10.87,0.4,18.05,Winter
2022-02-01,11.65,66.27,22.77,2.1,35.82,Winter
2022-02-02,3.86,64.11,12.08,,44.79,Winter
2022-02-03,7.77,67.76,18.27,2.37,30.86,Winter
2022-02-04,,69.07,22.24,1.99,12.13,Winter
2022-02-05,4.59,82.39,16.26,1.19,20.28,Winter
2022-02-06,10.2,,19.68,,31.11,Winter
2022-02-07,3.19,73.27,12.88,5.55,14.94,Winter
2022-02-08,10.71,69.4,15.12,8.99,31.69,Winter
2022-02-09,7.59,,15.06,2.19,16.59,Winter
2022-02-10,3.98,80.5,11.27,11.35,36.77,Winter
2022-02-11,7.77,65.88,15.26,11.42,19.57,Winter
2022-02-12,9.0,68.98,5.66,3.0,39.89,Winter
2022-02-13,8.15,64.97,13.06,4.23,14.84,Winter
2022-02-14,1.79,67.18,14.51,1.88,23.89,Winter
2022-02-15,4.53,68.52,14.71,30.03,54.94,Winter
2022-02-16,,70.07,14.81,8.3,21.76,Winter
2022-02-17,6.93,67.52,16.07,21.81,48.15,Winter
2022-02-18,9.23,64.36,19.86,2.89,10.31,Winter
2022-02-19,8.13,61.68,22.62,12.18,45.49,Winter
2022-02-20,3.81,71.74,11.95,11.61,30.59,Winter
2022-02-21,9.19,60.33,8.08,9.41,22.51,Winter
2022-02-22,,70.92,9.21,26.97,41.28,Winter
2022-02-23,10.19,67.47,13.09,4.0,31.69,Winter
2022-02-24,11.98,58.33,14.04,1.12,15.16,Winter
2022-02-25,11.48,64.48,11.11,8.91,20.53,Winter
2022-02-26,,62.97,7.43,10.45,27.19,Winter
2022-02-27,9.24,69.41,13.31,6.85,14.39,Winter
2022-02-28,4.71,78.14,17.77,1.85,39.87,Winter
2022-03-01,11.23,56.85,19.17,8.43,21.92,Spring
2022-03-02,10.8,67.14,11.1,4.49,32.36,Spring
2022-03-03,11.24,65.41,12.11,6.69,28.12,Spring
2022-03-04,6.84,,8.51,12.44,21.35,Spring
2022-03-05,7.68,70.13,14.78,16.41,34.71,Spring
2022-03-06,14.33,59.99,9.06,3.17,30.69,Spring
2022-03-07,11.3,64.57,19.01,6.24,23.73,Spring
2022-03-08,13.72,60.26,2.5,3.76,35.32,Spring
2022-03-09,12.01,70.98,12.48,2.66,32.61,Spring
2022-03-10,12.27,65.5,17.11,18.36,45.71,Spring
2022-03-11,15.25,72.52,16.29,28.8,41.32,Spring
2022-03-12,11.14,66.0,33.85,5.55,14.2,Spring
2022-03-13,13.23,61.08,17.45,,28.89,Spring
2022-03-14,11.81,58.19,7.97,27.28,46.51,Spring
2022-03-15,12.15,56.47,14.33,22.46,45.67,Spring
2022-03-16,12.78,57.06,2.57,2.42,0.46,Spring
2022-03-17,14.63,64.84,14.44,37.56,53.73,Spring
2022-03-18,12.79,67.52,9.17,5.67,26.69,Spring
2022-03-19,18.25,52.7,21.41,4.97,21.7,Spring
2022-03-20,12.06,70.04,11.15,0.77,33.61,Spring
2022-03-21,14.44,61.24,14.18,7.99,31.41,Spring
2022-03-22,13.94,64.79,10.55,1.39,34.35,Spring
2022-03-23,19.86,67.38,27.17,3.43,20.93,Spring
2022-03-24,16.36,66.6,12.75,4.57,33.49,Spring
2022-03-25,19.13,58.56,27.83,19.85,54.22,Spring
2022-03-26,11.83,61.29,20.7,25.0,55.62,Spring
2022-03-27,17.35,50.57,18.37,,12.97,Spring
2022-03-28,19.47,56.03,17.58,23.48,38.6,Spring
2022-03-29,17.31,60.31,17.76,23.36,37.57,Spring
2022-03-30,20.51,53.86,1.51,17.36,40.52,Spring
2022-03-31,16.02,61.74,13.05,1.9,28.58,Spring
2022-04-01,22.05,57.95,20.92,,24.27,Spring
2022-04-02,24.97,54.11,14.66,34.81,52.01,Spring
2022-04-03,17.24,58.17,5.16,13.77,12.19,Spring
2022-04-04,17.24,62.26,14.63,4.83,38.77,Spring
2022-04-05,23.19,58.87,26.93,8.33,22.37,Spring
2022-04-06,23.82,50.7,23.73,,31.77,Spring
2022-04-07,17.76,68.06,14.57,8.57,24.62,Spring
2022-04-08,18.31,60.06,21.66,1.53,32.84,Spring
2022-04-09,18.97,60.12,12.43,4.49,0.0,Spring
2022-04-10,16.03,65.93,3.07,19.46,37.35,Spring
2022-04-11,17.55,62.33,8.53,23.72,40.29,Spring
2022-04-12,,65.95,25.94,1.77,17.06,Spring
2022-04-13,18.48,61.86,13.08,36.54,70.14,Spring
2022-04-14,20.92,55.41,13.3,4.78,15.43,Spring
2022-04-15,21.96,59.45,12.9,13.03,39.44,Spring
2022-04-16,26.14,48.58,28.33,16.72,38.61,Spring
2022-04-17,18.73,60.77,26.38,20.05,50.66,Spring
2022-04-18,24.91,55.12,30.53,34.97,44.8,Spring
2022-04-19,21.54,,13.89,4.5,16.72,Spring
2022-04-20,22.26,56.76,17.07,23.47,52.08,Spring
2022-04-21,24.65,46.08,4.38,1.69,25.78,Spring
2022-04-22,19.48,56.88,25.34,14.65,17.74,Spring
2022-04-23,24.22,56.3,6.83,16.26,29.24,Spring
2022-04-24,23.79,56.98,16.52,13.59,36.09,Spring
2022-04-25,,50.09,7.32,3.49,31.52,Spring
2022-04-26,24.58,61.87,10.88,,35.5,Spring
2022-04-27,31.29,45.85,9.14,2.22,0.0,Spring
2022-04-28,22.21,62.28,10.74,0.66,25.83,Spring
2022-04-29,22.74,59.15,11.23,15.17,21.45,Spring
2022-04-30,,53.85,11.16,7.74,6.8,Spring
2022-05-01,23.06,65.63,20.83,,12.1,Spring
2022-05-02,23.01,50.83,7.27,5.8,33.36,Spring
2022-05-03,,56.86,16.54,2.21,23.28,Spring
2022-05-04,29.57,56.56,23.53,21.73,37.3,Spring
2022-05-05,23.78,52.83,11.41,9.55,42.49,Spring
2022-05-06,,63.63,9.97,,28.64,Spring
2022-05-07,27.27,52.14,13.39,15.29,49.93,Spring
2022-05-08,24.37,57.15,23.26,8.59,13.8,Spring
2022-05-09,28.1,54.03,16.36,11.13,29.67,Spring
2022-05-10,26.98,52.95,11.28,7.41,10.51,Spring
2022-05-11,21.99,61.67,18.39,21.17,36.76,Spring
2022-05-12,31.35,54.1,7.28,21.23,36.62,Spring
2022-05-13,32.25,40.66,19.77,14.83,39.61,Spring
2022-05-14,25.18,61.58,17.86,1.34,21.66,Spring
2022-05-15,26.01,46.09,12.85,21.91,45.95,Spring
2022-05-16,28.18,57.83,9.13,13.34,39.04,Spring
2022-05-17,28.47,58.07,8.79,14.33,54.45,Spring
2022-05-18,29.58,46.09,18.74,5.41,21.72,Spring
2022-05-19,33.78,46.13,23.6,25.37,33.42,Spring
2022-05-20,27.35,47.8,10.54,15.51,36.42,Spring
2022-05-21,25.62,53.64,18.21,1.43,13.27,Spring
2022-05-22,24.0,54.47,0.39,6.29,40.48,Spring
2022-05-23,26.07,58.25,10.91,26.1,40.66,Spring
2022-05-24,28.28,59.14,14.78,0.58,14.87,Spring
2022-05-25,33.88,55.08,8.63,39.06,50.44,Spring
2022-05-26,27.05,50.76,8.44,13.64,39.46,Spring
2022-05-27,29.38,50.66,10.33,11.98,29.2,Spring
2022-05-28,,43.78,17.05,3.79,16.99,Spring
2022-05-29,32.48,45.2,13.69,3.43,39.74,Spring
2022-05-30,36.59,50.76,0.67,34.18,42.2,Spring
2022-05-31,27.51,61.28,0.16,4.25,24.18,Spring
2022-06-01,27.72,46.86,10.75,,33.25,Summer
2022-06-02,32.4,46.33,18.2,2.5,5.93,Summer
2022-06-03,31.39,49.96,4.23,0.75,25.48,Summer
2022-06-04,34.96,48.64,11.5,0.05,9.5,Summer
2022-06-05,31.24,46.17,11.32,3.93,31.76,Summer
2022-06-06,28.47,54.55,24.72,18.6,27.12,Summer
2022-06-07,31.38,47.73,12.3,2.3,29.0,Summer
2022-06-08,,48.74,17.68,2.21,33.05,Summer
2022-06-09,32.18,52.19,15.99,2.11,30.51,Summer
2022-06-10,31.29,50.21,0.09,3.68,25.82,Summer
2022-06-11,33.01,46.62,20.38,2.91,20.3,Summer
2022-06-12,33.36,47.97,16.51,10.6,23.77,Summer
2022-06-13,34.03,47.54,18.56,3.52,37.88,Summer
2022-06-14,31.86,47.87,42.48,3.54,16.19,Summer
2022-06-15,29.44,50.36,0.41,0.74,10.3,Summer
2022-06-16,30.4,58.88,27.07,20.3,44.92,Summer
2022-06-17,33.6,51.14,12.99,1.44,13.33,Summer
2022-06-18,27.54,51.7,17.01,0.38,10.84,Summer
2022-06-19,31.1,53.81,14.68,5.44,10.46,Summer
2022-06-20,28.82,50.48,12.03,4.52,19.24,Summer
2022-06-21,30.08,57.01,11.01,,21.59,Summer
2022-06-22,33.83,49.99,17.31,2.74,24.9,Summer
2022-06-23,30.56,50.23,4.38,,36.43,Summer
2022-06-24,30.11,53.36,20.25,1.09,26.25,Summer
2022-06-25,25.87,46.66,12.09,8.58,25.81,Summer
2022-06-26,32.17,43.84,7.09,5.23,22.73,Summer
2022-06-27,,43.77,11.85,2.71,27.54,Summer
2022-06-28,36.36,46.84,23.8,3.06,35.48,Summer
2022-06-29,28.91,60.75,11.25,1.48,22.6,Summer
2022-06-30,30.45,62.01,17.51,,21.59,Summer
2022-07-01,30.49,54.0,9.88,3.6,13.31,Summer
2022-07-02,34.43,50.17,20.31,1.93,7.29,Summer
2022-07-03,29.35,42.72,19.8,4.53,30.74,Summer
2022-07-04,30.42,48.16,27.94,27.29,50.34,Summer
2022-07-05,31.34,46.2,13.77,2.86,28.34,Summer
2022-07-06,30.01,48.09,19.68,12.67,30.12,Summer
2022-07-07,28.04,51.93,15.69,,35.97,Summer
2022-07-08,29.89,48.94,24.07,0.28,15.41,Summer
2022-07-09,32.45,39.35,9.97,1.14,30.58,Summer
2022-07-10,26.06,,20.22,2.71,22.05,Summer
2022-07-11,29.45,46.28,13.64,1.24,15.03,Summer
2022-07-12,26.86,,14.55,0.0,25.93,Summer
2022-07-13,32.45,59.62,15.64,12.33,35.19,Summer
2022-07-14,,51.26,16.77,9.29,31.93,Summer
2022-07-15,26.98,40.97,14.19,6.78,26.91,Summer
2022-07-16,29.68,50.03,16.5,0.92,20.45,Summer
2022-07-17,33.13,54.21,26.05,0.64,44.46,Summer
2022-07-18,28.12,62.5,21.9,0.35,32.16,Summer
2022-07-19,26.53,47.83,21.08,6.44,33.02,Summer
2022-07-20,33.72,50.72,11.81,13.21,33.01,Summer
2022-07-21,23.6,54.0,8.78,2.82,32.61,Summer
2022-07-22,21.22,57.7,21.69,0.63,25.75,Summer
2022-07-23,29.0,65.23,21.13,3.59,23.49,Summer
2022-07-24,26.03,46.87,25.31,2.14,18.89,Summer
2022-07-25,24.33,57.01,10.77,2.35,21.3,Summer
2022-07-26,29.37,54.05,13.39,4.86,0.0,Summer
2022-07-27,27.83,58.37,3.52,6.34,27.81,Summer
2022-07-28,25.25,55.5,12.25,0.59,15.64,Summer
2022-07-29,22.94,58.39,21.98,0.18,36.09,Summer
2022-07-30,29.24,49.86,11.73,25.86,43.47,Summer
2022-07-31,28.41,53.83,19.48,1.32,9.3,Summer
2022-08-01,25.99,52.7,13.67,0.28,19.75,Summer
2022-08-02,31.66,52.99,17.27,1.05,10.49,Summer
2022-08-03,22.73,55.17,6.97,0.2,24.91,Summer
2022-08-04,21.19,60.14,15.6,2.49,25.15,Summer
2022-08-05,23.51,56.26,5.94,8.11,36.88,Summer
2022-08-06,25.26,60.63,13.69,2.09,13.97,Summer
2022-08-07,25.94,,3.59,2.94,22.98,Summer
2022-08-08,24.3,46.91,23.44,5.63,11.42,Summer
2022-08-09,25.88,60.81,20.44,3.56,30.21,Summer
2022-08-10,20.88,53.98,18.27,9.88,34.08,Summer
2022-08-11,28.76,48.93,25.65,10.05,34.0,Summer
2022-08-12,23.98,53.04,8.36,0.05,20.06,Summer
2022-08-13,27.38,60.18,27.23,7.53,30.92,Summer
2022-08-14,24.84,44.65,21.53,3.09,38.82,Summer
2022-08-15,24.98,70.92,13.34,22.48,37.38,Summer
2022-08-16,25.1,60.41,22.95,3.3,24.36,Summer
2022-08-17,24.52,56.71,7.26,21.67,28.65,Summer
2022-08-18,24.89,55.02,9.23,7.02,17.64,Summer
2022-08-19,26.73,55.25,10.74,1.43,22.26,Summer
2022-08-20,23.11,59.33,11.3,3.87,34.52,Summer
2022-08-21,24.42,58.9,7.6,24.23,39.24,Summer
2022-08-22,21.8,60.55,23.56,9.74,26.41,Summer
2022-08-23,26.16,54.73,13.19,0.51,16.39,Summer
2022-08-24,19.58,,17.47,6.13,20.17,Summer
2022-08-25,26.78,53.03,11.01,2.12,24.86,Summer
2022-08-26,21.02,57.42,2.26,0.04,5.06,Summer
2022-08-27,16.61,67.59,16.89,2.58,35.13,Summer
2022-08-28,21.05,61.34,1.61,,14.55,Summer
2022-08-29,18.38,45.8,14.52,8.54,34.91,Summer
2022-08-30,22.71,60.32,5.42,2.06,9.15,Summer
2022-08-31,17.98,61.8,28.91,8.79,34.6,Summer
2022-09-01,,60.43,21.38,0.01,26.72,Autumn
2022-09-02,13.78,62.24,15.74,3.68,27.15,Autumn
2022-09-03,17.85,66.55,23.85,2.76,12.54,Autumn
2022-09-04,11.68,70.6,9.08,2.66,24.89,Autumn
2022-09-05,13.95,60.18,18.8,0.71,8.81,Autumn
2022-09-06,20.74,60.65,16.4,2.07,19.34,Autumn
2022-09-07,20.56,53.9,16.85,,37.59,Autumn
2022-09-08,,52.93,23.91,3.44,31.07,Autumn
2022-09-09,14.8,60.24,20.13,5.4,25.01,Autumn
2022-09-10,17.3,65.68,17.02,4.73,14.51,Autumn
2022-09-11,17.18,66.23,3.42,20.87,45.24,Autumn
2022-09-12,13.46,67.01,8.28,23.57,41.41,Autumn
2022-09-13,21.19,61.89,14.14,6.79,2.91,Autumn
2022-09-14,19.05,62.55,15.65,4.01,31.43,Autumn
2022-09-15,15.5,59.6,7.09,1.13,20.77,Autumn
2022-09-16,15.98,64.58,31.88,30.66,59.62,Autumn
2022-09-17,16.27,66.19,25.61,0.62,9.61,Autumn
2022-09-18,9.26,71.57,19.21,3.53,0.0,Autumn
2022-09-19,14.39,69.64,15.5,3.54,25.98,Autumn
2022-09-20,12.82,68.49,13.51,3.86,26.39,Autumn
2022-09-21,11.61,67.68,8.34,1.79,4.71,Autumn
2022-09-22,13.51,69.75,15.54,15.29,23.97,Autumn
2022-09-23,19.49,59.48,16.8,1.31,48.73,Autumn
2022-09-24,15.76,58.19,6.31,10.08,26.01,Autumn
2022-09-25,11.87,,17.34,1.32,28.5,Autumn
2022-09-26,15.04,59.45,13.91,0.73,14.15,Autumn
